{
  "project_info": {
    "project_number": "416698747394",
    "project_id": "mycorc",
    "storage_bucket": "mycorc.firebasestorage.app"
  },
  "client": [
    {
      "client_info": {
        "mobilesdk_app_id": "1:416698747394:android:6bf1831764747f6984751b",
        "android_client_info": {
          "package_name": "org.igo.mycorc"
        }
      },
      "oauth_client": [],
      "api_key": [
        {
          "current_key": "AIzaSyBXXcox-yKCugwAQCrRN_EnOkfXX0-E0-M"
        }
      ],
      "services": {
        "appinvite_service": {
          "other_platform_oauth_client": []
        }
      }
    }
  ],
  "configuration_version": "1"
}